{
  "code": 200,
  "data": [
      {
          "data": [
              -0.44011157751083374,
              3.4733433723449707,
              -1.8280802965164185,
              1.061385989189148,
              0.34283363819122314,
              3.2089080810546875,
              0.18934419751167297,
              2.4223086833953857,
              2.7388458251953125,
              -1.989850640296936,
              -1.2338528633117676,
              2.165767192840576,
              0.6848149299621582,
              2.132270336151123,
              4.300561904907227,
              1.4795196056365967,
              7.1517534255981445,
              0.73980712890625,
              -9.9295072555542,
              -3.481480360031128,
              -1.5319124460220337,
              -0.590376079082489,
              -2.4509341716766357,
              2.995626926422119,
              1.3163588047027588,
              2.1811766624450684,
              -6.427791595458984,
              -7.871005058288574,
              -2.5027239322662354,
              -0.04378218576312065,
              -0.6066674590110779,
              1.9900715351104736,
              -1.1641485691070557,
              -5.42057466506958,
              -2.703401565551758,
              -7.570286750793457,
              -5.884477615356445,
              -2.605239152908325,
              6.1309003829956055,
              7.304759979248047,
              1.310440182685852,
              -1.3145614862442017,
              -3.8044464588165283,
              -6.983955383300781,
              -3.333649158477783,
              1.4951856136322021,
              9.570457458496094,
              -2.0945076942443848,
              -0.46014827489852905,
              -2.4316699504852295,
              -4.910808563232422,
              0.5023416876792908,
              -5.733609199523926,
              3.3708791732788086,
              9.99427604675293,
              7.368841171264648,
              -2.022718667984009,
              -4.5252485275268555,
              -8.239356994628906,
              -6.908669948577881,
              -2.9592530727386475,
              4.688743591308594,
              10.123456001281738,
              7.001224994659424,
              -2.387791872024536,
              -4.279547214508057,
              -8.535809516906738,
              -8.377177238464355,
              -7.94471549987793,
              4.130864143371582,
              -3.36245059967041,
              -5.037947177886963,
              -2.5141801834106445,
              -4.692529201507568,
              -10.380951881408691,
              -7.371815204620361,
              -5.135910511016846,
              -4.869792461395264,
              1.1348598003387451,
              3.734046459197998
          ],
          "header": {
              "GRIB_COMMENT": "u-component of wind [m/s]",
              "GRIB_DISCIPLINE": "0(Meteorological)",
              "dx": 8,
              "dy": 8,
              "extent": [
                  92,
                  -4,
                  164,
                  52
              ],
              "la1": -4,
              "la2": 52,
              "lo1": 92,
              "lo2": 164,
              "max": 10.123456001281738,
              "min": -10.380951881408691,
              "nx": 8,
              "ny": 10,
              "parameterCategory": 1,
              "parameterNumber": 2
          }
      },
      {
          "data": [
              -4.800604820251465,
              -3.1023659706115723,
              -5.0930585861206055,
              -0.4133426249027252,
              -3.130915641784668,
              -2.3608977794647217,
              -3.2433221340179443,
              2.293614387512207,
              -0.8750364780426025,
              3.334303617477417,
              -1.308251142501831,
              -0.08511655032634735,
              1.856265902519226,
              1.782664179801941,
              -0.39269211888313293,
              -0.7250010967254639,
              2.495530605316162,
              2.6277124881744385,
              -0.8627491593360901,
              -2.1969263553619385,
              4.031499862670898,
              -2.2472164630889893,
              0.4423148036003113,
              -0.10647546499967575,
              0.7996478080749512,
              -2.5139873027801514,
              -3.4283692836761475,
              -6.117557048797607,
              -1.156315565109253,
              -1.0596680641174316,
              -1.6426341533660889,
              -2.5505971908569336,
              1.0396620035171509,
              -2.200990915298462,
              0.4044789671897888,
              -6.568099021911621,
              -9.537558555603027,
              -3.8588414192199707,
              -4.441742420196533,
              -10.330392837524414,
              1.2316495180130005,
              -1.5107876062393188,
              -0.7273002862930298,
              -8.257620811462402,
              -3.6977930068969727,
              -6.227710247039795,
              1.2225815057754517,
              2.181281566619873,
              2.0808496475219727,
              -1.1724865436553955,
              -3.0644285678863525,
              0.6409507989883423,
              -2.952791452407837,
              -0.4998415410518646,
              -3.6225709915161133,
              5.187890529632568,
              3.0743913650512695,
              -0.39029717445373535,
              0.2729290723800659,
              2.043511152267456,
              0.91497802734375,
              0.1761178970336914,
              -5.385138034820557,
              4.282869815826416,
              -5.186671733856201,
              0.9015515446662903,
              0.08589313924312592,
              -3.1316161155700684,
              3.5482425689697266,
              2.4258620738983154,
              11.090734481811523,
              8.232215881347656,
              -5.24471378326416,
              -0.8669100999832153,
              -0.8412262201309204,
              -2.5658767223358154,
              3.026576519012451,
              1.2521824836730957,
              1.2701085805892944,
              -0.4339830279350281
          ],
          "header": {
              "GRIB_COMMENT": "v-component of wind [m/s]",
              "GRIB_DISCIPLINE": "0(Meteorological)",
              "dx": 8,
              "dy": 8,
              "extent": [
                  92,
                  -4,
                  164,
                  52
              ],
              "la1": -4,
              "la2": 52,
              "lo1": 92,
              "lo2": 164,
              "max": 11.090734481811523,
              "min": -10.330392837524414,
              "nx": 8,
              "ny": 10,
              "parameterCategory": 1,
              "parameterNumber": 3
          }
      }
  ],
  "msg": "Success"
}